timestamp,sample_index,CH1,CH2,CH3,CH4,trigger
2025-10-20T13:46:30.805391,0,2879,-4023,438,2905,0
2025-10-20T13:46:30.805423,1,49,-221,9,48,0
2025-10-20T13:46:30.805429,2,411,-1408,229,417,0
2025-10-20T13:46:30.805433,3,4290,-6131,798,4342,0
2025-10-20T13:46:30.805438,4,7764,-9792,865,7893,0
2025-10-20T13:46:30.805443,5,2640,-3703,417,2657,0
2025-10-20T13:46:30.805450,6,38,-185,7,37,0
2025-10-20T13:46:30.805458,7,490,-1483,272,496,0
2025-10-20T13:46:30.805463,8,4375,-6221,820,4427,0
2025-10-20T13:46:30.805468,9,7751,-9777,871,7878,0
2025-10-20T13:46:30.805472,10,2627,-3689,420,2644,0
2025-10-20T13:46:30.805477,11,36,-173,7,36,0
2025-10-20T13:46:30.805482,12,455,-1400,241,461,0
2025-10-20T13:46:30.805489,13,4460,-6340,815,4516,0
2025-10-20T13:46:30.805494,14,7884,-10033,879,8025,0
2025-10-20T13:46:30.805498,15,2717,-3804,429,2737,0
2025-10-20T13:46:30.805506,16,40,-187,8,39,0
2025-10-20T13:46:30.805510,17,495,-1473,265,501,0
2025-10-20T13:46:30.805514,18,4450,-6331,832,4505,0
2025-10-20T13:46:30.805522,19,7834,-9973,883,7974,0
2025-10-20T13:46:30.805539,20,2649,-3718,422,2669,0
2025-10-20T13:46:30.805544,21,36,-182,7,35,0
2025-10-20T13:46:30.805548,22,517,-1510,277,523,0
2025-10-20T13:46:30.805552,23,4560,-6444,845,4617,0
2025-10-20T13:46:30.805560,24,7877,-10000,893,8015,0
2025-10-20T13:46:30.894911,25,810,-2019,392,817,0
2025-10-20T13:46:30.894932,26,5034,-7032,879,5099,0
2025-10-20T13:46:30.894936,27,7977,-10367,896,8134,0
2025-10-20T13:46:30.894939,28,2686,-3783,430,2707,0
2025-10-20T13:46:30.894942,29,38,-190,8,37,0
2025-10-20T13:46:30.894944,30,512,-1523,286,518,0
2025-10-20T13:46:30.894947,31,4499,-6394,855,4557,0
2025-10-20T13:46:30.894951,32,7902,-10057,904,8047,0
2025-10-20T13:46:30.894953,33,2767,-3865,449,2788,0
2025-10-20T13:46:30.894957,34,46,-214,11,45,0
2025-10-20T13:46:30.894959,35,562,-1604,304,568,0
2025-10-20T13:46:30.894962,36,4615,-6543,868,4673,0
2025-10-20T13:46:30.894964,37,7952,-10206,909,8103,0
2025-10-20T13:46:30.894967,38,2780,-3892,449,2803,0
2025-10-20T13:46:30.894970,39,45,-222,11,44,0
2025-10-20T13:46:30.894973,40,566,-1630,313,573,0
2025-10-20T13:46:30.894976,41,4601,-6521,876,4659,0
2025-10-20T13:46:30.894978,42,7921,-10121,916,8066,0
2025-10-20T13:46:30.894981,43,2780,-3889,457,2801,0
2025-10-20T13:46:30.894984,44,50,-246,15,50,0
2025-10-20T13:46:30.894986,45,671,-1795,355,678,0
2025-10-20T13:46:30.894989,46,4833,-6771,895,4893,0
2025-10-20T13:46:30.894991,47,7970,-10201,920,8119,0
2025-10-20T13:46:30.894994,48,2750,-3850,451,2772,0
2025-10-20T13:46:30.894997,49,45,-229,12,45,0
2025-10-20T13:46:31.016848,50,8152,-10769,934,8336,0
2025-10-20T13:46:31.016861,51,3056,-4283,495,3091,0
2025-10-20T13:46:31.016865,52,69,-291,21,68,0
2025-10-20T13:46:31.016869,53,670,-1823,369,677,0
2025-10-20T13:46:31.016872,54,4765,-6719,906,4825,0
2025-10-20T13:46:31.016875,55,7983,-10265,933,8137,0
2025-10-20T13:46:31.016878,56,2778,-3885,460,2802,0
2025-10-20T13:46:31.016880,57,49,-259,16,49,0
2025-10-20T13:46:31.016883,58,726,-1892,386,733,0
2025-10-20T13:46:31.016886,59,4850,-6839,913,4912,0
2025-10-20T13:46:31.016889,60,8052,-10434,942,8216,0
2025-10-20T13:46:31.016892,61,2877,-4033,479,2904,0
2025-10-20T13:46:31.016894,62,54,-272,17,54,0
2025-10-20T13:46:31.016897,63,726,-1876,372,733,0
2025-10-20T13:46:31.016900,64,5016,-7038,922,5087,0
2025-10-20T13:46:31.016903,65,8103,-10560,948,8280,0
2025-10-20T13:46:31.016906,66,2862,-4003,474,2891,0
2025-10-20T13:46:31.016916,67,53,-284,18,53,0
2025-10-20T13:46:31.016919,68,800,-1994,395,807,0
2025-10-20T13:46:31.016922,69,5104,-7153,930,5177,0
2025-10-20T13:46:31.016924,70,8125,-10647,953,8308,0
2025-10-20T13:46:31.016927,71,2878,-4040,477,2909,0
2025-10-20T13:46:31.016930,72,55,-288,19,54,0
2025-10-20T13:46:31.016933,73,790,-1988,403,797,0
2025-10-20T13:46:31.016935,74,5069,-7146,934,5142,0
2025-10-20T13:46:31.104578,75,87,-450,41,87,0
2025-10-20T13:46:31.104593,76,1238,-2663,525,1247,0
2025-10-20T13:46:31.104596,77,5590,-7705,964,5668,0
2025-10-20T13:46:31.104600,78,8214,-10877,967,8409,0
2025-10-20T13:46:31.104602,79,2949,-4134,489,2983,0
2025-10-20T13:46:31.104605,80,65,-337,26,65,0
2025-10-20T13:46:31.104608,81,926,-2209,455,933,0
2025-10-20T13:46:31.104610,82,5273,-7419,957,5353,0
2025-10-20T13:46:31.104613,83,8254,-11055,975,8459,0
2025-10-20T13:46:31.104616,84,3066,-4300,508,3105,0
2025-10-20T13:46:31.104618,85,86,-434,39,86,0
2025-10-20T13:46:31.104621,86,1197,-2598,514,1205,0
2025-10-20T13:46:31.104624,87,5649,-7927,975,5736,0
2025-10-20T13:46:31.104626,88,8394,-11563,985,8616,0
2025-10-20T13:46:31.104629,89,3283,-4631,537,3332,0
2025-10-20T13:46:31.104632,90,116,-511,53,116,0
2025-10-20T13:46:31.104634,91,1331,-2789,555,1340,0
2025-10-20T13:46:31.104638,92,5778,-8120,982,5868,0
2025-10-20T13:46:31.104641,93,8452,-11750,991,8678,0
2025-10-20T13:46:31.104643,94,3392,-4781,555,3443,0
2025-10-20T13:46:31.104646,95,153,-649,75,154,0
2025-10-20T13:46:31.104648,96,1628,-3177,621,1638,0
2025-10-20T13:46:31.104651,97,6097,-8528,995,6190,0
2025-10-20T13:46:31.104654,98,8507,-12015,995,8738,0
2025-10-20T13:46:31.104656,99,3442,-4884,562,3499,0
2025-10-20T13:46:31.224857,100,6466,-9158,1018,6574,0
2025-10-20T13:46:31.224869,101,8658,-12804,999,8909,0
2025-10-20T13:46:31.224874,102,3742,-5361,595,3806,0
2025-10-20T13:46:31.224877,103,272,-935,144,274,0
2025-10-20T13:46:31.224880,104,2142,-3785,758,2154,0
2025-10-20T13:46:31.224884,105,6606,-9285,1026,6712,0
2025-10-20T13:46:31.224887,106,8645,-12748,1002,8898,0
2025-10-20T13:46:31.224890,107,3688,-5325,598,3755,0
2025-10-20T13:46:31.224894,108,362,-1225,209,366,0
2025-10-20T13:46:31.224897,109,2538,-4258,847,2551,0
2025-10-20T13:46:31.224900,110,6881,-9731,1035,6992,0
2025-10-20T13:46:31.224904,111,8723,-13143,1009,8978,0
2025-10-20T13:46:31.224907,112,3864,-5621,621,3933,0
2025-10-20T13:46:31.224910,113,481,-1495,261,486,0
2025-10-20T13:46:31.224913,114,2895,-4653,887,2908,0
2025-10-20T13:46:31.224916,115,7171,-10163,1046,7287,0
2025-10-20T13:46:31.224919,116,8805,-13611,1019,9063,0
2025-10-20T13:46:31.224922,117,4074,-6044,649,4146,0
2025-10-20T13:46:31.224925,118,611,-1770,306,617,0
2025-10-20T13:46:31.224928,119,3238,-5011,927,3251,0
2025-10-20T13:46:31.224930,120,7332,-10463,1058,7450,0
2025-10-20T13:46:31.224933,121,8868,-14051,1025,9129,0
2025-10-20T13:46:31.224936,122,4300,-6504,678,4376,0
2025-10-20T13:46:31.224939,123,880,-2285,437,888,0
2025-10-20T13:46:31.224942,124,3717,-5517,991,3731,0
2025-10-20T13:46:31.373272,125,4553,-6973,725,4635,0
2025-10-20T13:46:31.373287,126,1259,-2888,594,1269,0
2025-10-20T13:46:31.373291,127,4185,-5998,1040,4200,0
2025-10-20T13:46:31.373296,128,7817,-11214,1077,7947,0
2025-10-20T13:46:31.373299,129,8919,-14460,1038,9181,0
2025-10-20T13:46:31.373302,130,4366,-6650,690,4444,0
2025-10-20T13:46:31.373305,131,811,-2214,410,819,0
2025-10-20T13:46:31.373308,132,3526,-5324,988,3540,0
2025-10-20T13:46:31.373311,133,7570,-10793,1078,7692,0
2025-10-20T13:46:31.373313,134,8826,-13936,1041,9081,0
2025-10-20T13:46:31.373316,135,4039,-6045,658,4111,0
2025-10-20T13:46:31.373319,136,645,-1879,355,652,0
2025-10-20T13:46:31.373322,137,3167,-4955,964,3181,0
2025-10-20T13:46:31.373325,138,7290,-10364,1080,7406,0
2025-10-20T13:46:31.373327,139,8750,-13605,1046,8999,0
2025-10-20T13:46:31.373330,140,3860,-5695,642,3928,0
2025-10-20T13:46:31.373333,141,453,-1461,263,457,0
2025-10-20T13:46:31.373336,142,2705,-4460,908,2717,0
2025-10-20T13:46:31.373338,143,6962,-9829,1076,7070,0
2025-10-20T13:46:31.373341,144,8678,-13122,1050,8921,0
2025-10-20T13:46:31.373344,145,3706,-5384,622,3770,0
2025-10-20T13:46:31.373347,146,319,-1107,185,323,0
2025-10-20T13:46:31.373349,147,2344,-4039,847,2356,0
2025-10-20T13:46:31.373352,148,6646,-9314,1080,6748,0
2025-10-20T13:46:31.373355,149,8548,-12455,1053,8779,0
2025-10-20T13:46:31.434578,150,2090,-3705,781,2102,0
2025-10-20T13:46:31.434593,151,6536,-9155,1079,6638,0
2025-10-20T13:46:31.434597,152,8406,-12068,1051,8624,0
2025-10-20T13:46:31.434600,153,3077,-4389,540,3120,0
2025-10-20T13:46:31.434602,154,78,-396,35,78,0
2025-10-20T13:46:31.434605,155,1064,-2427,523,1072,0
2025-10-20T13:46:31.434854,156,5443,-7657,1048,5522,0
2025-10-20T13:46:31.434859,157,8136,-11044,1051,8329,0
2025-10-20T13:46:31.434862,158,2768,-3914,497,2804,0
2025-10-20T13:46:31.434864,159,37,-196,10,36,0
2025-10-20T13:46:31.434867,160,616,-1667,342,622,0
2025-10-20T13:46:31.434869,161,4959,-7016,1010,5029,0
2025-10-20T13:46:31.434872,162,7906,-10373,1052,8065,0
2025-10-20T13:46:31.434874,163,2512,-3530,474,2534,0
2025-10-20T13:46:31.434877,164,22,-121,3,21,0
2025-10-20T13:46:31.434879,165,385,-1216,219,389,0
2025-10-20T13:46:31.434882,166,4473,-6426,945,4532,0
2025-10-20T13:46:31.434884,167,7721,-10043,1050,7862,0
2025-10-20T13:46:31.434887,168,2326,-3276,446,2345,0
2025-10-20T13:46:31.434889,169,12,-90,0,11,0
2025-10-20T13:46:31.434892,170,297,-1018,168,299,0
2025-10-20T13:46:31.434894,171,4304,-6195,913,4360,0
2025-10-20T13:46:31.434897,172,7609,-9822,1057,7737,0
2025-10-20T13:46:31.434899,173,2251,-3180,447,2267,0
2025-10-20T13:46:31.434902,174,11,-90,0,10,0
2025-10-20T13:46:31.562114,175,7781,-10261,1066,7938,0
2025-10-20T13:46:31.562128,176,2396,-3388,462,2419,0
2025-10-20T13:46:31.562132,177,16,-93,1,15,0
2025-10-20T13:46:31.562135,178,262,-923,147,264,0
2025-10-20T13:46:31.562139,179,4205,-6060,892,4260,0
2025-10-20T13:46:31.562142,180,7507,-9676,1065,7631,0
2025-10-20T13:46:31.562145,181,2130,-3018,431,2144,0
2025-10-20T13:46:31.562148,182,6,-86,-2,5,0
2025-10-20T13:46:31.562151,183,401,-1216,222,405,0
2025-10-20T13:46:31.562154,184,4566,-6546,968,4631,0
2025-10-20T13:46:31.562157,185,7712,-10071,1079,7858,0
2025-10-20T13:46:31.562160,186,2303,-3249,458,2321,0
2025-10-20T13:46:31.562163,187,12,-102,0,11,0
2025-10-20T13:46:31.562166,188,421,-1264,221,425,0
2025-10-20T13:46:31.562170,189,4740,-6844,974,4817,0
2025-10-20T13:46:31.562173,190,7906,-10543,1092,8079,0
2025-10-20T13:46:31.562175,191,2493,-3506,483,2519,0
2025-10-20T13:46:31.562178,192,20,-101,2,19,0
2025-10-20T13:46:31.562181,193,361,-1064,182,363,0
2025-10-20T13:46:31.562184,194,4664,-6888,949,4744,0
2025-10-20T13:46:31.562187,195,8135,-11419,1106,8340,0
2025-10-20T13:46:31.562190,196,2808,-3984,512,2851,0
2025-10-20T13:46:31.562194,197,30,-122,5,29,0
2025-10-20T13:46:31.562196,198,463,-1237,226,467,0
2025-10-20T13:46:31.562199,199,4992,-7541,989,5084,0
2025-10-20T13:46:31.673342,200,44,-162,11,43,0
2025-10-20T13:46:31.673351,201,692,-1607,336,698,0
2025-10-20T13:46:31.673354,202,5484,-8142,1059,5580,0
2025-10-20T13:46:31.673357,203,8336,-12397,1125,8558,0
2025-10-20T13:46:31.673360,204,2977,-4300,538,3026,0
2025-10-20T13:46:31.673362,205,42,-162,11,41,0
2025-10-20T13:46:31.673365,206,693,-1635,351,700,0
2025-10-20T13:46:31.673367,207,5357,-7892,1068,5452,0
2025-10-20T13:46:31.673370,208,8156,-11729,1122,8366,0
2025-10-20T13:46:31.673373,209,2685,-3839,506,2724,0
2025-10-20T13:46:31.673376,210,31,-164,10,30,0
2025-10-20T13:46:31.673378,211,840,-1875,421,847,0
2025-10-20T13:46:31.673381,212,5568,-8102,1102,5665,0
2025-10-20T13:46:31.673383,213,8186,-11734,1129,8399,0
2025-10-20T13:46:31.673386,214,2715,-3882,513,2756,0
2025-10-20T13:46:31.673388,215,35,-184,13,34,0
2025-10-20T13:46:31.673391,216,914,-1994,452,921,0
2025-10-20T13:46:31.673393,217,5676,-8312,1113,5775,0
2025-10-20T13:46:31.673396,218,8225,-11996,1136,8442,0
2025-10-20T13:46:31.673399,219,2752,-3963,522,2795,0
2025-10-20T13:46:31.673402,220,45,-241,22,44,0
2025-10-20T13:46:31.673405,221,1130,-2331,521,1138,0
2025-10-20T13:46:31.673408,222,6003,-8761,1133,6108,0
2025-10-20T13:46:31.673410,223,8301,-12277,1142,8525,0
2025-10-20T13:46:31.673413,224,2818,-4069,528,2864,0
2025-10-20T13:46:31.764582,225,6318,-9309,1149,6429,0
2025-10-20T13:46:31.764593,226,8391,-12877,1151,8621,0
2025-10-20T13:46:31.764597,227,2955,-4345,555,3005,0
2025-10-20T13:46:31.764600,228,56,-233,24,55,0
2025-10-20T13:46:31.764603,229,1177,-2317,515,1185,0
2025-10-20T13:46:31.764606,230,6161,-9098,1142,6269,0
2025-10-20T13:46:31.764609,231,8318,-12604,1149,8543,0
2025-10-20T13:46:31.764611,232,2809,-4075,527,2856,0
2025-10-20T13:46:31.764615,233,43,-193,18,42,0
2025-10-20T13:46:31.764618,234,1197,-2300,504,1205,0
2025-10-20T13:46:31.764620,235,6289,-9606,1141,6402,0
2025-10-20T13:46:31.764623,236,8474,-13828,1150,8711,0
2025-10-20T13:46:31.764626,237,3057,-4584,544,3114,0
2025-10-20T13:46:31.764628,238,44,-153,12,43,0
2025-10-20T13:46:31.764631,239,981,-1902,401,988,0
2025-10-20T13:46:31.764633,240,6251,-10173,1123,6372,0
2025-10-20T13:46:31.764636,241,8652,-15791,1156,8901,0
2025-10-20T13:46:31.764639,242,3436,-5486,581,3507,0
2025-10-20T13:46:31.764641,243,67,-183,17,66,0
2025-10-20T13:46:31.764644,244,1088,-2003,415,1096,0
2025-10-20T13:46:31.764646,245,6523,-10864,1136,6652,0
2025-10-20T13:46:31.764649,246,8716,-16541,1163,8968,0
2025-10-20T13:46:31.764652,247,3537,-5735,599,3612,0
2025-10-20T13:46:31.764654,248,91,-250,32,90,0
2025-10-20T13:46:31.764657,249,1508,-2606,546,1517,0
2025-10-20T13:46:31.884620,250,3164,-4771,583,3223,0
2025-10-20T13:46:31.884634,251,70,-250,32,70,0
2025-10-20T13:46:31.884638,252,1295,-2458,569,1303,0
2025-10-20T13:46:31.884641,253,6457,-9791,1187,6578,0
2025-10-20T13:46:31.884644,254,8385,-13422,1180,8623,0
2025-10-20T13:46:31.884646,255,2820,-4177,529,2871,0
2025-10-20T13:46:31.884649,256,38,-168,16,38,0
2025-10-20T13:46:31.884652,257,1275,-2336,510,1283,0
2025-10-20T13:46:31.884654,258,6556,-10006,1176,6679,0
2025-10-20T13:46:31.884657,259,8374,-13495,1183,8612,0
2025-10-20T13:46:31.884659,260,2781,-4121,530,2831,0
2025-10-20T13:46:31.884662,261,39,-167,17,38,0
2025-10-20T13:46:31.884664,262,1360,-2427,526,1368,0
2025-10-20T13:46:31.884667,263,6708,-10472,1196,6838,0
2025-10-20T13:46:31.884669,264,8471,-14332,1195,8718,0
2025-10-20T13:46:31.884673,265,2944,-4462,551,3001,0
2025-10-20T13:46:31.884676,266,45,-176,19,45,0
2025-10-20T13:46:31.884678,267,1341,-2397,526,1349,0
2025-10-20T13:46:31.884680,268,6675,-10488,1203,6804,0
2025-10-20T13:46:31.884683,269,8519,-14614,1200,8768,0
2025-10-20T13:46:31.884685,270,3059,-4668,567,3118,0
2025-10-20T13:46:31.884688,271,52,-190,21,52,0
2025-10-20T13:46:31.884690,272,1326,-2399,529,1335,0
2025-10-20T13:46:31.884693,273,6665,-10566,1208,6795,0
2025-10-20T13:46:31.884695,274,8527,-14728,1208,8777,0
2025-10-20T13:46:31.977897,275,1481,-2630,583,1490,0
2025-10-20T13:46:31.977909,276,6801,-10674,1225,6935,0
2025-10-20T13:46:31.977912,277,8445,-14394,1215,8689,0
2025-10-20T13:46:31.977915,278,2890,-4383,557,2943,0
2025-10-20T13:46:31.977918,279,46,-183,20,45,0
2025-10-20T13:46:31.977921,280,1363,-2446,544,1372,0
2025-10-20T13:46:31.977924,281,6651,-10290,1223,6780,0
2025-10-20T13:46:31.977926,282,8455,-14095,1223,8704,0
2025-10-20T13:46:31.977929,283,2929,-4415,558,2985,0
2025-10-20T13:46:31.977932,284,52,-222,26,52,0
2025-10-20T13:46:31.977935,285,1407,-2582,586,1416,0
2025-10-20T13:46:31.977938,286,6570,-9975,1237,6696,0
2025-10-20T13:46:31.977940,287,8374,-13434,1232,8615,0
2025-10-20T13:46:31.977943,288,2815,-4164,557,2866,0
2025-10-20T13:46:31.977946,289,54,-254,30,54,0
2025-10-20T13:46:31.977948,290,1447,-2686,618,1455,0
2025-10-20T13:46:31.977951,291,6442,-9281,1252,6558,0
2025-10-20T13:46:31.977953,292,8219,-12090,1250,8445,0
2025-10-20T13:46:31.977956,293,2623,-3783,554,2664,0
2025-10-20T13:46:31.977959,294,37,-230,21,37,0
2025-10-20T13:46:31.977961,295,1168,-2376,559,1177,0
2025-10-20T13:46:31.977964,296,6121,-8818,1239,6233,0
2025-10-20T13:46:31.977966,297,8089,-11584,1248,8301,0
2025-10-20T13:46:31.977969,298,2458,-3514,533,2492,0
2025-10-20T13:46:31.977972,299,25,-181,13,24,0
2025-10-20T13:46:32.094632,300,8108,-11657,1259,8325,0
2025-10-20T13:46:32.094646,301,2530,-3661,559,2567,0
2025-10-20T13:46:32.094650,302,28,-178,12,27,0
2025-10-20T13:46:32.094653,303,890,-1972,466,898,0
2025-10-20T13:46:32.094656,304,5701,-8076,1225,5803,0
2025-10-20T13:46:32.094660,305,7856,-10704,1260,8035,0
2025-10-20T13:46:32.094663,306,2273,-3252,532,2295,0
2025-10-20T13:46:32.094666,307,19,-171,9,18,0
2025-10-20T13:46:32.094669,308,832,-1942,460,839,0
2025-10-20T13:46:32.094672,309,5422,-7541,1229,5505,0
2025-10-20T13:46:32.094675,310,7732,-10191,1266,7891,0
2025-10-20T13:46:32.094765,311,2200,-3140,522,2217,0
2025-10-20T13:46:32.094770,312,15,-160,6,14,0
2025-10-20T13:46:32.094773,313,754,-1839,425,761,0
2025-10-20T13:46:32.094776,314,5293,-7327,1222,5370,0
2025-10-20T13:46:32.094779,315,7670,-9957,1282,7814,0
2025-10-20T13:46:32.094782,316,2222,-3191,548,2236,0
2025-10-20T13:46:32.094785,317,19,-185,8,18,0
2025-10-20T13:46:32.094787,318,720,-1846,430,727,0
2025-10-20T13:46:32.094790,319,5048,-6951,1224,5105,0
2025-10-20T13:46:32.094793,320,7410,-9424,1287,7518,0
2025-10-20T13:46:32.094796,321,2087,-3038,543,2097,0
2025-10-20T13:46:32.094799,322,15,-189,6,14,0
2025-10-20T13:46:32.094802,323,612,-1743,385,619,0
2025-10-20T13:46:32.094805,324,4710,-6533,1205,4752,0
2025-10-20T13:46:32.184732,325,18,-202,10,17,0
2025-10-20T13:46:32.184744,326,675,-1850,442,683,0
2025-10-20T13:46:32.184748,327,4779,-6583,1239,4802,0
2025-10-20T13:46:32.184751,328,7076,-8873,1304,7110,0
2025-10-20T13:46:32.184754,329,1996,-2960,555,2002,0
2025-10-20T13:46:32.184757,330,14,-188,5,14,0
2025-10-20T13:46:32.184759,331,518,-1631,343,525,0
2025-10-20T13:46:32.184762,332,4380,-6168,1194,4394,0
2025-10-20T13:46:32.184765,333,6983,-8766,1316,6997,0
2025-10-20T13:46:32.184767,334,2062,-3066,579,2068,0
2025-10-20T13:46:32.184770,335,16,-186,5,15,0
2025-10-20T13:46:32.184772,336,396,-1437,264,401,0
2025-10-20T13:46:32.184775,337,4046,-5821,1157,4059,0
2025-10-20T13:46:32.184778,338,6623,-8403,1319,6637,0
2025-10-20T13:46:32.184780,339,1951,-2933,566,1956,0
2025-10-20T13:46:32.184783,340,14,-190,5,13,0
2025-10-20T13:46:32.184786,341,421,-1512,296,427,0
2025-10-20T13:46:32.184788,342,3964,-5747,1179,3977,0
2025-10-20T13:46:32.184791,343,6505,-8287,1324,6518,0
2025-10-20T13:46:32.184794,344,1919,-2918,568,1925,0
2025-10-20T13:46:32.184797,345,12,-178,4,11,0
2025-10-20T13:46:32.184799,346,362,-1379,245,367,0
2025-10-20T13:46:32.184802,347,3922,-5692,1153,3935,0
2025-10-20T13:46:32.184804,348,6545,-8327,1332,6559,0
2025-10-20T13:46:32.184807,349,1970,-2969,575,1976,0
2025-10-20T13:46:32.304707,350,4069,-5842,1164,4082,0
2025-10-20T13:46:32.304721,351,6810,-8602,1349,6824,0
2025-10-20T13:46:32.304725,352,2182,-3266,632,2188,0
2025-10-20T13:46:32.304728,353,27,-217,12,26,0
2025-10-20T13:46:32.304731,354,372,-1435,271,378,0
2025-10-20T13:46:32.304734,355,3769,-5548,1177,3782,0
2025-10-20T13:46:32.304736,356,6349,-8135,1348,6363,0
2025-10-20T13:46:32.304739,357,1969,-3002,602,1975,0
2025-10-20T13:46:32.304742,358,18,-204,7,17,0
2025-10-20T13:46:32.304745,359,366,-1409,257,371,0
2025-10-20T13:46:32.304747,360,3834,-5606,1171,3847,0
2025-10-20T13:46:32.304750,361,6407,-8195,1355,6421,0
2025-10-20T13:46:32.304753,362,2001,-3047,612,2007,0
2025-10-20T13:46:32.304756,363,20,-200,8,19,0
2025-10-20T13:46:32.304758,364,354,-1389,245,359,0
2025-10-20T13:46:32.304761,365,3849,-5622,1169,3862,0
2025-10-20T13:46:32.304764,366,6461,-8249,1362,6474,0
2025-10-20T13:46:32.304767,367,2037,-3090,619,2043,0
2025-10-20T13:46:32.304769,368,22,-222,10,21,0
2025-10-20T13:46:32.304772,369,424,-1534,300,430,0
2025-10-20T13:46:32.304775,370,3973,-5757,1208,3986,0
2025-10-20T13:46:32.304777,371,6665,-8453,1367,6679,0
2025-10-20T13:46:32.304780,372,2111,-3156,619,2118,0
2025-10-20T13:46:32.304783,373,21,-239,9,21,0
2025-10-20T13:46:32.304786,374,439,-1590,305,446,0
2025-10-20T13:46:32.427175,375,2319,-3446,692,2326,0
2025-10-20T13:46:32.427188,376,47,-380,27,47,0
2025-10-20T13:46:32.427192,377,532,-1869,397,541,0
2025-10-20T13:46:32.427195,378,4094,-5896,1248,4108,0
2025-10-20T13:46:32.427198,379,6767,-8558,1384,6781,0
2025-10-20T13:46:32.427200,380,2200,-3270,652,2207,0
2025-10-20T13:46:32.427203,381,29,-272,14,28,0
2025-10-20T13:46:32.427206,382,486,-1687,340,493,0
2025-10-20T13:46:32.427209,383,4145,-5937,1240,4159,0
2025-10-20T13:46:32.427211,384,6798,-8587,1385,6812,0
2025-10-20T13:46:32.427214,385,2163,-3217,638,2169,0
2025-10-20T13:46:32.427217,386,25,-243,11,24,0
2025-10-20T13:46:32.427219,387,480,-1630,313,486,0
2025-10-20T13:46:32.427223,388,4310,-6097,1233,4323,0
2025-10-20T13:46:32.427225,389,6952,-8744,1395,6966,0
2025-10-20T13:46:32.427228,390,2218,-3289,657,2225,0
2025-10-20T13:46:32.427230,391,29,-261,14,28,0
2025-10-20T13:46:32.427233,392,506,-1683,332,512,0
2025-10-20T13:46:32.427236,393,4439,-6230,1246,4453,0
2025-10-20T13:46:32.427238,394,7181,-8975,1402,7197,0
2025-10-20T13:46:32.427241,395,2305,-3377,666,2311,0
2025-10-20T13:46:32.427243,396,31,-294,15,30,0
2025-10-20T13:46:32.427246,397,553,-1787,354,560,0
2025-10-20T13:46:32.427248,398,4560,-6355,1260,4576,0
2025-10-20T13:46:32.427251,399,7257,-9054,1409,7277,0
2025-10-20T13:46:32.522326,400,790,-2124,548,799,0
2025-10-20T13:46:32.522343,401,4907,-6721,1349,4930,0
2025-10-20T13:46:32.522346,402,7475,-9300,1416,7522,0
2025-10-20T13:46:32.522349,403,2376,-3456,676,2385,0
2025-10-20T13:46:32.522353,404,37,-337,21,37,0
2025-10-20T13:46:32.522355,405,683,-2005,450,691,0
2025-10-20T13:46:32.522358,406,4728,-6535,1316,4748,0
2025-10-20T13:46:32.522361,407,7348,-9154,1419,7378,0
2025-10-20T13:46:32.522364,408,2354,-3417,667,2362,0
2025-10-20T13:46:32.522366,409,36,-319,20,35,0
2025-10-20T13:46:32.522369,410,689,-2002,470,697,0
2025-10-20T13:46:32.522371,411,4645,-6450,1325,4663,0
2025-10-20T13:46:32.522374,412,7334,-9137,1427,7358,0
2025-10-20T13:46:32.522376,413,2395,-3488,689,2403,0
2025-10-20T13:46:32.522379,414,40,-375,23,39,0
2025-10-20T13:46:32.522381,415,707,-2067,464,715,0
2025-10-20T13:46:32.522383,416,4769,-6575,1332,4787,0
2025-10-20T13:46:32.522386,417,7383,-9192,1439,7410,0
2025-10-20T13:46:32.522388,418,2466,-3598,718,2474,0
2025-10-20T13:46:32.522391,419,54,-448,34,54,0
2025-10-20T13:46:32.522395,420,825,-2261,558,834,0
2025-10-20T13:46:32.522397,421,4778,-6586,1368,4794,0
2025-10-20T13:46:32.522399,422,7371,-9175,1447,7392,0
2025-10-20T13:46:32.522402,423,2507,-3654,734,2515,0
2025-10-20T13:46:32.522404,424,54,-433,33,53,0
2025-10-20T13:46:32.634803,425,7550,-9384,1457,7596,0
2025-10-20T13:46:32.634816,426,2641,-3874,769,2652,0
2025-10-20T13:46:32.634819,427,71,-608,45,71,0
2025-10-20T13:46:32.634822,428,859,-2350,580,868,0
2025-10-20T13:46:32.634825,429,4906,-6718,1388,4925,0
2025-10-20T13:46:32.634828,430,7319,-9129,1456,7347,0
2025-10-20T13:46:32.634831,431,2408,-3539,717,2416,0
2025-10-20T13:46:32.634833,432,59,-534,40,59,0
2025-10-20T13:46:32.634836,433,942,-2466,631,952,0
2025-10-20T13:46:32.634839,434,4973,-6785,1404,4991,0
2025-10-20T13:46:32.634841,435,7278,-9084,1461,7303,0
2025-10-20T13:46:32.634844,436,2372,-3491,715,2380,0
2025-10-20T13:46:32.634846,437,50,-460,33,50,0
2025-10-20T13:46:32.634849,438,834,-2296,565,843,0
2025-10-20T13:46:32.634852,439,4810,-6618,1390,4826,0
2025-10-20T13:46:32.634855,440,7224,-9024,1466,7243,0
2025-10-20T13:46:32.634858,441,2369,-3490,717,2376,0
2025-10-20T13:46:32.634860,442,57,-485,40,57,0
2025-10-20T13:46:32.634863,443,941,-2429,638,951,0
2025-10-20T13:46:32.634866,444,4909,-6719,1414,4925,0
2025-10-20T13:46:32.634868,445,7344,-9149,1475,7366,0
2025-10-20T13:46:32.634871,446,2458,-3606,738,2465,0
2025-10-20T13:46:32.634873,447,57,-555,38,57,0
2025-10-20T13:46:32.634876,448,877,-2407,588,886,0
2025-10-20T13:46:32.634879,449,4962,-6776,1410,4982,0
2025-10-20T13:46:32.724558,450,94,-784,74,95,0
2025-10-20T13:46:32.724571,451,1256,-2885,821,1267,0
2025-10-20T13:46:32.724574,452,5247,-7058,1463,5262,0
2025-10-20T13:46:32.724577,453,7319,-9119,1487,7337,0
2025-10-20T13:46:32.724580,454,2389,-3516,729,2396,0
2025-10-20T13:46:32.724582,455,52,-508,35,53,0
2025-10-20T13:46:32.724585,456,854,-2359,587,863,0
2025-10-20T13:46:32.724587,457,4871,-6681,1421,4887,0
2025-10-20T13:46:32.724590,458,7183,-8986,1491,7204,0
2025-10-20T13:46:32.724592,459,2329,-3454,729,2336,0
2025-10-20T13:46:32.724595,460,49,-450,32,49,0
2025-10-20T13:46:32.724597,461,809,-2260,556,818,0
2025-10-20T13:46:32.724600,462,4873,-6685,1413,4892,0
2025-10-20T13:46:32.724602,463,7298,-9106,1490,7328,0
2025-10-20T13:46:32.724604,464,2329,-3418,704,2336,0
2025-10-20T13:46:32.724607,465,43,-497,28,42,0
2025-10-20T13:46:32.724609,466,786,-2293,545,795,0
2025-10-20T13:46:32.724671,467,4793,-6604,1412,4810,0
2025-10-20T13:46:32.724675,468,7204,-9005,1500,7224,0
2025-10-20T13:46:32.724678,469,2327,-3435,727,2334,0
2025-10-20T13:46:32.724680,470,49,-533,33,49,0
2025-10-20T13:46:32.724683,471,828,-2356,567,838,0
2025-10-20T13:46:32.724685,472,4854,-6666,1424,4872,0
2025-10-20T13:46:32.724688,473,7212,-9014,1502,7235,0
2025-10-20T13:46:32.724690,474,2288,-3373,710,2296,0
2025-10-20T13:46:32.874750,475,5161,-6986,1442,5191,0
2025-10-20T13:46:32.874765,476,7615,-9466,1520,7678,0
2025-10-20T13:46:32.874769,477,2535,-3704,771,2546,0
2025-10-20T13:46:32.874772,478,59,-514,39,59,0
2025-10-20T13:46:32.874776,479,802,-2242,576,811,0
2025-10-20T13:46:32.874779,480,4809,-6616,1438,4824,0
2025-10-20T13:46:32.874782,481,7211,-9004,1509,7226,0
2025-10-20T13:46:32.874785,482,2214,-3288,701,2221,0
2025-10-20T13:46:32.874787,483,47,-479,35,47,0
2025-10-20T13:46:32.874790,484,868,-2339,642,878,0
2025-10-20T13:46:32.874793,485,4874,-6684,1462,4890,0
2025-10-20T13:46:32.874795,486,7283,-9081,1515,7303,0
2025-10-20T13:46:32.874798,487,2245,-3322,708,2252,0
2025-10-20T13:46:32.874800,488,50,-492,38,50,0
2025-10-20T13:46:32.874803,489,907,-2387,658,917,0
2025-10-20T13:46:32.874805,490,4929,-6739,1473,4945,0
2025-10-20T13:46:32.874807,491,7302,-9101,1526,7321,0
2025-10-20T13:46:32.874810,492,2291,-3391,728,2298,0
2025-10-20T13:46:32.874813,493,55,-517,41,55,0
2025-10-20T13:46:32.874815,494,934,-2423,668,944,0
2025-10-20T13:46:32.874817,495,5051,-6862,1480,5068,0
2025-10-20T13:46:32.874820,496,7359,-9162,1531,7382,0
2025-10-20T13:46:32.874822,497,2311,-3418,735,2318,0
2025-10-20T13:46:32.874825,498,50,-458,35,50,0
2025-10-20T13:46:32.874827,499,850,-2288,609,859,0
2025-10-20T13:46:32.935942,500,2487,-3712,791,2495,0
2025-10-20T13:46:32.935954,501,103,-895,84,105,0
2025-10-20T13:46:32.935956,502,1115,-2776,830,1127,0
2025-10-20T13:46:32.935958,503,5135,-6949,1515,5153,0
2025-10-20T13:46:32.935960,504,7420,-9229,1546,7447,0
2025-10-20T13:46:32.935962,505,2339,-3459,749,2347,0
2025-10-20T13:46:32.935963,506,53,-534,39,54,0
2025-10-20T13:46:32.935965,507,885,-2370,636,895,0
2025-10-20T13:46:32.935967,508,4974,-6783,1488,4989,0
2025-10-20T13:46:32.935969,509,7254,-9049,1545,7270,0
2025-10-20T13:46:32.935971,510,2233,-3324,724,2239,0
2025-10-20T13:46:32.935973,511,64,-589,53,65,0
2025-10-20T13:46:32.935974,512,1064,-2608,761,1075,0
2025-10-20T13:46:32.935976,513,5188,-7006,1521,5211,0
2025-10-20T13:46:32.935978,514,7429,-9251,1559,7469,0
2025-10-20T13:46:32.935979,515,2342,-3474,761,2351,0
2025-10-20T13:46:32.935981,516,66,-547,52,66,0
2025-10-20T13:46:32.935983,517,1033,-2548,730,1043,0
2025-10-20T13:46:32.935985,518,5214,-7034,1522,5239,0
2025-10-20T13:46:32.935986,519,7422,-9247,1558,7467,0
2025-10-20T13:46:32.935988,520,2282,-3386,733,2291,0
2025-10-20T13:46:32.935990,521,55,-608,43,56,0
2025-10-20T13:46:32.935991,522,1007,-2550,705,1017,0
2025-10-20T13:46:32.935993,523,5210,-7023,1523,5228,0
2025-10-20T13:46:32.935994,524,7391,-9200,1570,7416,0
2025-10-20T13:46:33.054560,525,1381,-2968,919,1392,0
2025-10-20T13:46:33.054572,526,5597,-7466,1563,5653,0
2025-10-20T13:46:33.054575,527,7495,-9441,1572,7614,0
2025-10-20T13:46:33.054579,528,2280,-3405,742,2294,0
2025-10-20T13:46:33.054581,529,61,-670,49,61,0
2025-10-20T13:46:33.054584,530,1066,-2641,740,1076,0
2025-10-20T13:46:33.054587,531,5301,-7130,1539,5334,0
2025-10-20T13:46:33.054590,532,7498,-9349,1581,7564,0
2025-10-20T13:46:33.054593,533,2368,-3528,767,2378,0
2025-10-20T13:46:33.054596,534,77,-655,63,78,0
2025-10-20T13:46:33.054599,535,1149,-2726,807,1160,0
2025-10-20T13:46:33.054602,536,5341,-7159,1558,5363,0
2025-10-20T13:46:33.054605,537,7436,-9256,1588,7473,0
2025-10-20T13:46:33.054607,538,2343,-3501,770,2352,0
2025-10-20T13:46:33.054610,539,82,-764,68,83,0
2025-10-20T13:46:33.054613,540,1207,-2829,832,1218,0
2025-10-20T13:46:33.054616,541,5393,-7213,1566,5416,0
2025-10-20T13:46:33.054618,542,7422,-9243,1589,7461,0
2025-10-20T13:46:33.054621,543,2289,-3430,753,2297,0
2025-10-20T13:46:33.054628,544,67,-734,55,68,0
2025-10-20T13:46:33.054631,545,1088,-2698,775,1099,0
2025-10-20T13:46:33.054634,546,5281,-7115,1561,5318,0
2025-10-20T13:46:33.054637,547,7497,-9360,1597,7573,0
2025-10-20T13:46:33.054639,548,2345,-3493,764,2356,0
2025-10-20T13:46:33.054642,549,86,-806,73,87,0
2025-10-20T13:46:33.174642,550,7782,-9839,1617,7921,0
2025-10-20T13:46:33.174655,551,2648,-4015,837,2667,0
2025-10-20T13:46:33.174658,552,112,-1024,90,113,0
2025-10-20T13:46:33.174661,553,1302,-2948,897,1313,0
2025-10-20T13:46:33.174664,554,5519,-7373,1589,5568,0
2025-10-20T13:46:33.174666,555,7562,-9465,1608,7662,0
2025-10-20T13:46:33.174669,556,2344,-3489,764,2356,0
2025-10-20T13:46:33.174671,557,76,-803,64,77,0
2025-10-20T13:46:33.174674,558,1222,-2868,832,1233,0
2025-10-20T13:46:33.174676,559,5544,-7406,1588,5597,0
2025-10-20T13:46:33.174680,560,7594,-9515,1617,7700,0
2025-10-20T13:46:33.174682,561,2397,-3581,784,2410,0
2025-10-20T13:46:33.174685,562,96,-859,82,98,0
2025-10-20T13:46:33.174687,563,1327,-2991,907,1339,0
2025-10-20T13:46:33.174690,564,5614,-7492,1605,5674,0
2025-10-20T13:46:33.174692,565,7602,-9550,1619,7717,0
2025-10-20T13:46:33.174695,566,2346,-3470,765,2358,0
2025-10-20T13:46:33.174697,567,89,-721,77,90,0
2025-10-20T13:46:33.174700,568,1338,-2959,900,1349,0
2025-10-20T13:46:33.174702,569,5674,-7566,1609,5738,0
2025-10-20T13:46:33.174704,570,7620,-9599,1625,7742,0
2025-10-20T13:46:33.174707,571,2362,-3497,773,2375,0
2025-10-20T13:46:33.174709,572,77,-689,64,77,0
2025-10-20T13:46:33.174712,573,1240,-2841,841,1251,0
2025-10-20T13:46:33.174714,574,5667,-7587,1608,5739,0
2025-10-20T13:46:33.264648,575,131,-994,117,133,0
2025-10-20T13:46:33.264663,576,1636,-3345,1041,1648,0
2025-10-20T13:46:33.264672,577,5904,-7785,1638,5964,0
2025-10-20T13:46:33.264675,578,7539,-9481,1631,7649,0
2025-10-20T13:46:33.264678,579,2246,-3335,747,2257,0
2025-10-20T13:46:33.264681,580,74,-723,65,75,0
2025-10-20T13:46:33.264684,581,1280,-2901,870,1291,0
2025-10-20T13:46:33.264686,582,5677,-7574,1623,5745,0
2025-10-20T13:46:33.264689,583,7547,-9509,1639,7663,0
2025-10-20T13:46:33.264692,584,2281,-3380,764,2292,0
2025-10-20T13:46:33.264695,585,85,-675,74,86,0
2025-10-20T13:46:33.264697,586,1314,-2921,903,1325,0
2025-10-20T13:46:33.264700,587,5614,-7489,1632,5672,0
2025-10-20T13:46:33.264703,588,7521,-9452,1643,7628,0
2025-10-20T13:46:33.264705,589,2270,-3371,761,2281,0
2025-10-20T13:46:33.264708,590,74,-688,64,74,0
2025-10-20T13:46:33.264711,591,1236,-2845,858,1247,0
2025-10-20T13:46:33.264714,592,5571,-7469,1630,5635,0
2025-10-20T13:46:33.264716,593,7603,-9597,1656,7727,0
2025-10-20T13:46:33.264719,594,2367,-3518,794,2381,0
2025-10-20T13:46:33.264722,595,92,-727,80,93,0
2025-10-20T13:46:33.264725,596,1341,-2962,917,1353,0
2025-10-20T13:46:33.264728,597,5701,-7597,1648,5766,0
2025-10-20T13:46:33.264730,598,7591,-9568,1657,7712,0
2025-10-20T13:46:33.264733,599,2305,-3420,770,2317,0
2025-10-20T13:46:33.385327,600,5866,-7830,1653,5947,0
2025-10-20T13:46:33.385338,601,7797,-9933,1677,7955,0
2025-10-20T13:46:33.385341,602,2549,-3711,842,2568,0
2025-10-20T13:46:33.385344,603,105,-752,88,106,0
2025-10-20T13:46:33.385346,604,1349,-2977,925,1360,0
2025-10-20T13:46:33.385349,605,5698,-7590,1657,5762,0
2025-10-20T13:46:33.385352,606,7585,-9557,1672,7703,0
2025-10-20T13:46:33.385354,607,2331,-3493,789,2344,0
2025-10-20T13:46:33.385357,608,81,-848,70,82,0
2025-10-20T13:46:33.385359,609,1263,-2926,882,1275,0
2025-10-20T13:46:33.385363,610,5566,-7439,1655,5621,0
2025-10-20T13:46:33.385365,611,7520,-9458,1673,7627,0
2025-10-20T13:46:33.385368,612,2256,-3379,769,2268,0
2025-10-20T13:46:33.385370,613,86,-735,77,87,0
2025-10-20T13:46:33.385373,614,1325,-2956,929,1336,0
2025-10-20T13:46:33.385376,615,5589,-7445,1666,5638,0
2025-10-20T13:46:33.385378,616,7447,-9338,1681,7535,0
2025-10-20T13:46:33.385381,617,2251,-3391,784,2261,0
2025-10-20T13:46:33.385384,618,90,-835,79,91,0
2025-10-20T13:46:33.385387,619,1338,-3002,931,1350,0
2025-10-20T13:46:33.385389,620,5581,-7430,1670,5626,0
2025-10-20T13:46:33.385461,621,7409,-9286,1683,7491,0
2025-10-20T13:46:33.385466,622,2187,-3305,765,2197,0
2025-10-20T13:46:33.385469,623,72,-805,65,74,0
2025-10-20T13:46:33.385471,624,1240,-2898,875,1252,0
2025-10-20T13:46:33.482296,625,2433,-3749,844,2445,0
2025-10-20T13:46:33.482311,626,170,-1267,155,173,0
2025-10-20T13:46:33.482315,627,1549,-3302,1135,1563,0
2025-10-20T13:46:33.482318,628,5713,-7579,1705,5769,0
2025-10-20T13:46:33.482320,629,7472,-9375,1698,7566,0
2025-10-20T13:46:33.482323,630,2262,-3417,789,2272,0
2025-10-20T13:46:33.482326,631,96,-866,87,99,0
2025-10-20T13:46:33.482328,632,1384,-3058,962,1398,0
2025-10-20T13:46:33.482331,633,5734,-7613,1694,5794,0
2025-10-20T13:46:33.482334,634,7446,-9366,1698,7547,0
2025-10-20T13:46:33.482337,635,2180,-3280,766,2190,0
2025-10-20T13:46:33.482339,636,92,-831,84,94,0
2025-10-20T13:46:33.482342,637,1397,-3067,967,1410,0
2025-10-20T13:46:33.482344,638,5691,-7576,1696,5751,0
2025-10-20T13:46:33.482347,639,7497,-9447,1702,7608,0
2025-10-20T13:46:33.482350,640,2199,-3299,764,2210,0
2025-10-20T13:46:33.482352,641,78,-819,71,80,0
2025-10-20T13:46:33.482355,642,1319,-2987,911,1332,0
2025-10-20T13:46:33.482357,643,5765,-7665,1698,5833,0
2025-10-20T13:46:33.482360,644,7476,-9430,1710,7587,0
2025-10-20T13:46:33.482362,645,2184,-3282,771,2194,0
2025-10-20T13:46:33.482365,646,80,-827,73,82,0
2025-10-20T13:46:33.482368,647,1339,-3011,917,1353,0
2025-10-20T13:46:33.482370,648,5786,-7683,1704,5853,0
2025-10-20T13:46:33.482373,649,7475,-9428,1718,7584,0
2025-10-20T13:46:33.594486,650,1728,-3386,1130,1740,0
2025-10-20T13:46:33.594498,651,6068,-8039,1736,6154,0
2025-10-20T13:46:33.594502,652,7544,-9661,1726,7697,0
2025-10-20T13:46:33.594505,653,2228,-3368,793,2244,0
2025-10-20T13:46:33.594508,654,94,-777,85,96,0
2025-10-20T13:46:33.594511,655,1407,-3054,974,1420,0
2025-10-20T13:46:33.594514,656,5781,-7673,1723,5846,0
2025-10-20T13:46:33.594516,657,7480,-9432,1728,7592,0
2025-10-20T13:46:33.594519,658,2199,-3325,783,2210,0
2025-10-20T13:46:33.594522,659,95,-856,88,98,0
2025-10-20T13:46:33.594524,660,1402,-3076,984,1416,0
2025-10-20T13:46:33.594527,661,5760,-7656,1729,5826,0
2025-10-20T13:46:33.594530,662,7482,-9441,1736,7596,0
2025-10-20T13:46:33.594532,663,2218,-3340,794,2229,0
2025-10-20T13:46:33.594535,664,77,-745,69,78,0
2025-10-20T13:46:33.594537,665,1276,-2916,902,1289,0
2025-10-20T13:46:33.594540,666,5640,-7502,1725,5691,0
2025-10-20T13:46:33.594543,667,7348,-9237,1735,7434,0
2025-10-20T13:46:33.594545,668,2097,-3171,764,2106,0
2025-10-20T13:46:33.594548,669,73,-741,67,75,0
2025-10-20T13:46:33.594550,670,1316,-2961,921,1329,0
2025-10-20T13:46:33.594553,671,5746,-7647,1734,5814,0
2025-10-20T13:46:33.594556,672,7477,-9445,1748,7592,0
2025-10-20T13:46:33.594558,673,2208,-3338,800,2219,0
2025-10-20T13:46:33.594561,674,81,-774,74,83,0
2025-10-20T13:46:33.714689,675,7671,-9792,1763,7826,0
2025-10-20T13:46:33.714700,676,2393,-3709,843,2412,0
2025-10-20T13:46:33.714704,677,99,-1095,88,102,0
2025-10-20T13:46:33.714706,678,1375,-3065,973,1389,0
2025-10-20T13:46:33.714709,679,5717,-7606,1750,5779,0
2025-10-20T13:46:33.714711,680,7431,-9379,1753,7541,0
2025-10-20T13:46:33.714713,681,2135,-3216,779,2145,0
2025-10-20T13:46:33.714716,682,76,-744,71,78,0
2025-10-20T13:46:33.714718,683,1339,-2987,932,1353,0
2025-10-20T13:46:33.714720,684,5822,-7737,1753,5892,0
2025-10-20T13:46:33.714723,685,7476,-9464,1759,7597,0
2025-10-20T13:46:33.714725,686,2141,-3226,774,2153,0
2025-10-20T13:46:33.714727,687,102,-812,97,105,0
2025-10-20T13:46:33.714730,688,1488,-3150,1043,1502,0
2025-10-20T13:46:33.714732,689,5796,-7678,1768,5854,0
2025-10-20T13:46:33.714734,690,7371,-9295,1763,7468,0
2025-10-20T13:46:33.714736,691,2094,-3188,776,2104,0
2025-10-20T13:46:33.714739,692,104,-814,99,106,0
2025-10-20T13:46:33.714741,693,1500,-3161,1045,1513,0
2025-10-20T13:46:33.714743,694,5901,-7814,1777,5972,0
2025-10-20T13:46:33.714745,695,7463,-9443,1769,7581,0
2025-10-20T13:46:33.714747,696,2135,-3231,778,2146,0
2025-10-20T13:46:33.714750,697,109,-854,103,111,0
2025-10-20T13:46:33.714753,698,1518,-3189,1061,1532,0
2025-10-20T13:46:33.714755,699,5816,-7703,1780,5876,0
2025-10-20T13:46:33.804726,700,194,-1333,184,198,0
2025-10-20T13:46:33.804740,701,1920,-3690,1260,1934,0
2025-10-20T13:46:33.804744,702,6184,-8091,1808,6253,0
2025-10-20T13:46:33.804746,703,7457,-9423,1784,7569,0
2025-10-20T13:46:33.804749,704,2138,-3279,793,2148,0
2025-10-20T13:46:33.804751,705,104,-956,99,107,0
2025-10-20T13:46:33.804754,706,1469,-3167,1023,1483,0
2025-10-20T13:46:33.804756,707,5861,-7746,1785,5921,0
2025-10-20T13:46:33.804759,708,7343,-9264,1789,7437,0
2025-10-20T13:46:33.804761,709,2092,-3253,794,2101,0
2025-10-20T13:46:33.804764,710,125,-1002,119,127,0
2025-10-20T13:46:33.804766,711,1537,-3239,1095,1551,0
2025-10-20T13:46:33.804769,712,5834,-7722,1799,5894,0
2025-10-20T13:46:33.804771,713,7424,-9370,1791,7531,0
2025-10-20T13:46:33.804775,714,2116,-3228,781,2127,0
2025-10-20T13:46:33.804777,715,103,-895,98,106,0
2025-10-20T13:46:33.804779,716,1482,-3166,1033,1496,0
2025-10-20T13:46:33.804782,717,5910,-7805,1801,5975,0
2025-10-20T13:46:33.804784,718,7359,-9294,1801,7458,0
2025-10-20T13:46:33.804787,719,2101,-3272,800,2110,0
2025-10-20T13:46:33.804789,720,115,-1021,110,118,0
2025-10-20T13:46:33.804791,721,1472,-3181,1045,1486,0
2025-10-20T13:46:33.804794,722,5901,-7805,1807,5969,0
2025-10-20T13:46:33.804796,723,7361,-9305,1803,7463,0
2025-10-20T13:46:33.804799,724,2075,-3177,784,2084,0
2025-10-20T13:46:33.929133,725,6099,-8061,1821,6187,0
2025-10-20T13:46:33.929144,726,7606,-9691,1822,7756,0
2025-10-20T13:46:33.929147,727,2287,-3490,847,2302,0
2025-10-20T13:46:33.929150,728,128,-943,119,130,0
2025-10-20T13:46:33.929152,729,1545,-3223,1098,1558,0
2025-10-20T13:46:33.929156,730,5869,-7755,1823,5929,0
2025-10-20T13:46:33.929158,731,7323,-9247,1810,7419,0
2025-10-20T13:46:33.929160,732,2043,-3154,778,2052,0
2025-10-20T13:46:33.929163,733,131,-1004,127,134,0
2025-10-20T13:46:33.929165,734,1608,-3316,1135,1621,0
2025-10-20T13:46:33.929168,735,5917,-7814,1834,5980,0
2025-10-20T13:46:33.929170,736,7407,-9366,1822,7517,0
2025-10-20T13:46:33.929173,737,2109,-3278,800,2120,0
2025-10-20T13:46:33.929175,738,130,-961,125,132,0
2025-10-20T13:46:33.929178,739,1645,-3329,1142,1658,0
2025-10-20T13:46:33.929180,740,5957,-7849,1841,6017,0
2025-10-20T13:46:33.929183,741,7423,-9378,1830,7530,0
2025-10-20T13:46:33.929185,742,2138,-3326,813,2149,0
2025-10-20T13:46:33.929187,743,127,-1029,122,130,0
2025-10-20T13:46:33.929190,744,1572,-3281,1105,1586,0
2025-10-20T13:46:33.929192,745,5925,-7808,1842,5981,0
2025-10-20T13:46:33.929194,746,7317,-9236,1828,7407,0
2025-10-20T13:46:33.929197,747,2045,-3164,787,2053,0
2025-10-20T13:46:33.929199,748,123,-980,119,126,0
2025-10-20T13:46:33.929202,749,1593,-3298,1107,1606,0
2025-10-20T13:46:34.014523,750,2249,-3616,867,2260,0
2025-10-20T13:46:34.014534,751,228,-1453,216,233,0
2025-10-20T13:46:34.014536,752,1926,-3702,1339,1940,0
2025-10-20T13:46:34.014538,753,6052,-7948,1865,6114,0
2025-10-20T13:46:34.014540,754,7340,-9280,1842,7439,0
2025-10-20T13:46:34.014542,755,2056,-3171,799,2065,0
2025-10-20T13:46:34.014544,756,144,-1002,139,146,0
2025-10-20T13:46:34.014545,757,1724,-3430,1185,1737,0
2025-10-20T13:46:34.014547,758,6112,-8041,1868,6186,0
2025-10-20T13:46:34.014549,759,7411,-9412,1845,7532,0
2025-10-20T13:46:34.014550,760,2063,-3169,789,2074,0
2025-10-20T13:46:34.014552,761,130,-900,126,133,0
2025-10-20T13:46:34.014554,762,1697,-3377,1167,1711,0
2025-10-20T13:46:34.014555,763,6094,-8007,1873,6163,0
2025-10-20T13:46:34.014557,764,7314,-9271,1847,7417,0
2025-10-20T13:46:34.014559,765,2011,-3126,784,2020,0
2025-10-20T13:46:34.014560,766,143,-1011,139,146,0
2025-10-20T13:46:34.014562,767,1727,-3436,1193,1741,0
2025-10-20T13:46:34.014564,768,6113,-8034,1880,6184,0
2025-10-20T13:46:34.014565,769,7340,-9313,1857,7446,0
2025-10-20T13:46:34.014568,770,2055,-3220,806,2065,0
2025-10-20T13:46:34.014569,771,125,-960,121,128,0
2025-10-20T13:46:34.014571,772,1609,-3298,1128,1623,0
2025-10-20T13:46:34.014572,773,6012,-7914,1877,6076,0
2025-10-20T13:46:34.014627,774,7337,-9293,1863,7440,0
2025-10-20T13:46:34.134588,775,2191,-3921,1363,2204,0
2025-10-20T13:46:34.134600,776,6528,-8576,1909,6631,0
2025-10-20T13:46:34.134603,777,7475,-9692,1872,7646,0
2025-10-20T13:46:34.134606,778,2089,-3296,814,2107,0
2025-10-20T13:46:34.134609,779,154,-1038,148,156,0
2025-10-20T13:46:34.134612,780,1781,-3481,1227,1794,0
2025-10-20T13:46:34.134614,781,6123,-8034,1899,6191,0
2025-10-20T13:46:34.134617,782,7315,-9277,1868,7421,0
2025-10-20T13:46:34.134620,783,2005,-3124,789,2014,0
2025-10-20T13:46:34.134622,784,146,-979,142,148,0
2025-10-20T13:46:34.134625,785,1770,-3465,1219,1783,0
2025-10-20T13:46:34.134628,786,6127,-8041,1900,6196,0
2025-10-20T13:46:34.134630,787,7336,-9307,1877,7445,0
2025-10-20T13:46:34.134633,788,2046,-3225,808,2056,0
2025-10-20T13:46:34.134636,789,162,-1098,157,165,0
2025-10-20T13:46:34.134638,790,1821,-3534,1254,1834,0
2025-10-20T13:46:34.134641,791,6240,-8207,1914,6323,0
2025-10-20T13:46:34.134644,792,7362,-9398,1882,7483,0
2025-10-20T13:46:34.134646,793,2035,-3218,806,2045,0
2025-10-20T13:46:34.134649,794,149,-1106,145,152,0
2025-10-20T13:46:34.134651,795,1716,-3433,1206,1730,0
2025-10-20T13:46:34.134654,796,6192,-8185,1913,6283,0
2025-10-20T13:46:34.134657,797,7421,-9505,1887,7559,0
2025-10-20T13:46:34.134659,798,2051,-3191,798,2063,0
2025-10-20T13:46:34.134662,799,160,-1070,156,162,0
2025-10-20T13:46:34.254653,800,7528,-9667,1905,7688,0
2025-10-20T13:46:34.254666,801,2178,-3531,851,2195,0
2025-10-20T13:46:34.254670,802,193,-1432,186,196,0
2025-10-20T13:46:34.254673,803,1894,-3662,1315,1907,0
2025-10-20T13:46:34.254675,804,6195,-8148,1932,6276,0
2025-10-20T13:46:34.254678,805,7391,-9431,1896,7523,0
2025-10-20T13:46:34.254680,806,2037,-3206,800,2049,0
2025-10-20T13:46:34.254684,807,180,-1211,177,183,0
2025-10-20T13:46:34.254686,808,1852,-3597,1300,1866,0
2025-10-20T13:46:34.254688,809,6202,-8146,1936,6281,0
2025-10-20T13:46:34.254691,810,7330,-9341,1904,7449,0
2025-10-20T13:46:34.254693,811,2016,-3216,809,2026,0
2025-10-20T13:46:34.254696,812,159,-1166,155,162,0
2025-10-20T13:46:34.254698,813,1755,-3482,1245,1768,0
2025-10-20T13:46:34.254700,814,6159,-8107,1939,6239,0
2025-10-20T13:46:34.254704,815,7334,-9352,1907,7455,0
2025-10-20T13:46:34.254706,816,2006,-3181,804,2016,0
2025-10-20T13:46:34.254708,817,179,-1177,175,181,0
2025-10-20T13:46:34.254711,818,1899,-3631,1317,1913,0
2025-10-20T13:46:34.254713,819,6319,-8304,1956,6407,0
2025-10-20T13:46:34.254716,820,7358,-9419,1916,7484,0
2025-10-20T13:46:34.254718,821,2024,-3251,815,2034,0
2025-10-20T13:46:34.254721,822,187,-1248,182,190,0
2025-10-20T13:46:34.254723,823,1945,-3683,1332,1958,0
2025-10-20T13:46:34.254726,824,6340,-8335,1958,6431,0
2025-10-20T13:46:34.409518,825,251,-1494,243,256,0
2025-10-20T13:46:34.409532,826,2177,-3966,1447,2192,0
2025-10-20T13:46:34.409535,827,6516,-8500,1973,6604,0
2025-10-20T13:46:34.409538,828,7317,-9360,1917,7438,0
2025-10-20T13:46:34.409541,829,1947,-3088,784,1956,0
2025-10-20T13:46:34.409543,830,178,-1164,173,180,0
2025-10-20T13:46:34.409546,831,1951,-3681,1329,1964,0
2025-10-20T13:46:34.409548,832,6341,-8316,1970,6428,0
2025-10-20T13:46:34.409550,833,7302,-9340,1922,7423,0
2025-10-20T13:46:34.409553,834,1955,-3134,788,1964,0
2025-10-20T13:46:34.409555,835,184,-1281,182,188,0
2025-10-20T13:46:34.409558,836,1849,-3608,1310,1863,0
2025-10-20T13:46:34.409560,837,6307,-8308,1972,6401,0
2025-10-20T13:46:34.409562,838,7402,-9497,1936,7542,0
2025-10-20T13:46:34.409565,839,2039,-3277,816,2051,0
2025-10-20T13:46:34.409568,840,209,-1357,205,213,0
2025-10-20T13:46:34.409570,841,1987,-3751,1379,2001,0
2025-10-20T13:46:34.409572,842,6316,-8282,1980,6403,0
2025-10-20T13:46:34.409575,843,7368,-9423,1935,7505,0
2025-10-20T13:46:34.409577,844,1992,-3189,794,2004,0
2025-10-20T13:46:34.409579,845,197,-1327,194,200,0
2025-10-20T13:46:34.409582,846,1895,-3660,1341,1909,0
2025-10-20T13:46:34.409584,847,6345,-8356,1985,6442,0
2025-10-20T13:46:34.409587,848,7378,-9479,1940,7519,0
2025-10-20T13:46:34.409589,849,1991,-3174,795,2003,0
2025-10-20T13:46:34.464734,850,6590,-8705,2004,6706,0
2025-10-20T13:46:34.464748,851,7567,-9848,1967,7745,0
2025-10-20T13:46:34.464751,852,2173,-3511,870,2192,0
2025-10-20T13:46:34.464754,853,203,-1383,199,207,0
2025-10-20T13:46:34.464756,854,1882,-3646,1340,1896,0
2025-10-20T13:46:34.464759,855,6327,-8328,1996,6421,0
2025-10-20T13:46:34.464761,856,7340,-9425,1955,7475,0
2025-10-20T13:46:34.464764,857,1982,-3195,810,1994,0
2025-10-20T13:46:34.464766,858,203,-1323,200,206,0
2025-10-20T13:46:34.464769,859,1963,-3722,1380,1977,0
2025-10-20T13:46:34.464771,860,6311,-8257,2003,6392,0
2025-10-20T13:46:34.464774,861,7220,-9218,1949,7334,0
2025-10-20T13:46:34.464776,862,1891,-3036,781,1900,0
2025-10-20T13:46:34.464778,863,191,-1224,188,193,0
2025-10-20T13:46:34.464781,864,1984,-3725,1380,1997,0
2025-10-20T13:46:34.464783,865,6413,-8429,2012,6512,0
2025-10-20T13:46:34.464786,866,7369,-9474,1963,7511,0
2025-10-20T13:46:34.464788,867,1992,-3183,802,2004,0
2025-10-20T13:46:34.464791,868,222,-1365,218,225,0
2025-10-20T13:46:34.464793,869,2055,-3823,1429,2069,0
2025-10-20T13:46:34.464795,870,6391,-8365,2019,6479,0
2025-10-20T13:46:34.464798,871,7270,-9314,1969,7394,0
2025-10-20T13:46:34.464800,872,1933,-3194,810,1943,0
2025-10-20T13:46:34.464803,873,235,-1456,232,239,0
2025-10-20T13:46:34.464805,874,2093,-3868,1459,2107,0
2025-10-20T13:46:34.613056,875,2027,-3440,864,2038,0
2025-10-20T13:46:34.613068,876,326,-1731,316,333,0
2025-10-20T13:46:34.613072,877,2257,-4057,1562,2272,0
2025-10-20T13:46:34.613075,878,6442,-8434,2032,6534,0
2025-10-20T13:46:34.613078,879,7297,-9368,1985,7426,0
2025-10-20T13:46:34.613090,880,1964,-3255,828,1974,0
2025-10-20T13:46:34.613098,881,238,-1503,236,243,0
2025-10-20T13:46:34.613101,882,2048,-3829,1450,2062,0
2025-10-20T13:46:34.613104,883,6403,-8411,2036,6499,0
2025-10-20T13:46:34.613107,884,7356,-9470,1991,7501,0
2025-10-20T13:46:34.613110,885,1998,-3281,834,2011,0
2025-10-20T13:46:34.613118,886,228,-1409,223,231,0
2025-10-20T13:46:34.613121,887,2134,-3897,1463,2149,0
2025-10-20T13:46:34.613123,888,6544,-8591,2049,6647,0
2025-10-20T13:46:34.613126,889,7342,-9487,1989,7488,0
2025-10-20T13:46:34.613129,890,1957,-3224,812,1970,0
2025-10-20T13:46:34.613131,891,213,-1401,210,216,0
2025-10-20T13:46:34.613134,892,2027,-3790,1426,2041,0
2025-10-20T13:46:34.613136,893,6422,-8435,2047,6520,0
2025-10-20T13:46:34.613139,894,7337,-9453,1993,7484,0
2025-10-20T13:46:34.613142,895,1950,-3184,806,1963,0
2025-10-20T13:46:34.613144,896,255,-1484,252,260,0
2025-10-20T13:46:34.613147,897,2196,-3978,1512,2210,0
2025-10-20T13:46:34.613150,898,6569,-8617,2062,6671,0
2025-10-20T13:46:34.613152,899,7272,-9393,1992,7406,0
2025-10-20T13:46:34.674563,900,2426,-4200,1547,2441,0
2025-10-20T13:46:34.674575,901,6756,-8899,2070,6877,0
2025-10-20T13:46:34.674579,902,7355,-9637,1997,7533,0
2025-10-20T13:46:34.674582,903,1908,-3160,793,1925,0
2025-10-20T13:46:34.674585,904,260,-1503,257,265,0
2025-10-20T13:46:34.674588,905,2217,-4001,1527,2232,0
2025-10-20T13:46:34.674590,906,6590,-8645,2070,6695,0
2025-10-20T13:46:34.674592,907,7281,-9411,2011,7416,0
2025-10-20T13:46:34.674595,908,1925,-3208,818,1936,0
2025-10-20T13:46:34.674597,909,241,-1473,236,245,0
2025-10-20T13:46:34.674600,910,2216,-3988,1505,2230,0
2025-10-20T13:46:34.674602,911,6598,-8642,2079,6700,0
2025-10-20T13:46:34.674605,912,7235,-9349,2006,7367,0
2025-10-20T13:46:34.674607,913,1863,-3095,790,1874,0
2025-10-20T13:46:34.674609,914,262,-1507,259,266,0
2025-10-20T13:46:34.674612,915,2223,-4008,1536,2238,0
2025-10-20T13:46:34.674614,916,6600,-8651,2082,6704,0
2025-10-20T13:46:34.674617,917,7234,-9352,2011,7367,0
2025-10-20T13:46:34.674619,918,1856,-3049,789,1866,0
2025-10-20T13:46:34.674621,919,233,-1401,230,237,0
2025-10-20T13:46:34.674624,920,2200,-3969,1504,2215,0
2025-10-20T13:46:34.674626,921,6600,-8644,2091,6702,0
2025-10-20T13:46:34.674629,922,7232,-9350,2021,7364,0
2025-10-20T13:46:34.674631,923,1879,-3193,810,1889,0
2025-10-20T13:46:34.674634,924,268,-1594,266,273,0
2025-10-20T13:46:34.794704,925,7420,-9641,2043,7591,0
2025-10-20T13:46:34.794789,926,2031,-3524,866,2048,0
2025-10-20T13:46:34.794794,927,269,-1749,266,276,0
2025-10-20T13:46:34.794797,928,2225,-4031,1530,2240,0
2025-10-20T13:46:34.794800,929,6559,-8552,2105,6655,0
2025-10-20T13:46:34.794803,930,7275,-9355,2030,7415,0
2025-10-20T13:46:34.794805,931,1904,-3144,801,1916,0
2025-10-20T13:46:34.794808,932,265,-1507,262,270,0
2025-10-20T13:46:34.794810,933,2213,-3998,1543,2228,0
2025-10-20T13:46:34.794813,934,6603,-8631,2112,6705,0
2025-10-20T13:46:34.794815,935,7264,-9377,2040,7403,0
2025-10-20T13:46:34.794818,936,1897,-3178,816,1908,0
2025-10-20T13:46:34.794820,937,232,-1432,230,236,0
2025-10-20T13:46:34.794822,938,2158,-3925,1499,2172,0
2025-10-20T13:46:34.794825,939,6592,-8621,2113,6695,0
2025-10-20T13:46:34.794827,940,7255,-9365,2039,7394,0
2025-10-20T13:46:34.794830,941,1875,-3101,797,1886,0
2025-10-20T13:46:34.794832,942,275,-1509,271,280,0
2025-10-20T13:46:34.794834,943,2301,-4086,1582,2316,0
2025-10-20T13:46:34.794837,944,6588,-8572,2125,6680,0
2025-10-20T13:46:34.794839,945,7175,-9229,2048,7300,0
2025-10-20T13:46:34.794842,946,1848,-3158,817,1858,0
2025-10-20T13:46:34.794844,947,290,-1600,286,295,0
2025-10-20T13:46:34.794847,948,2358,-4147,1604,2373,0
2025-10-20T13:46:34.794849,949,6691,-8730,2131,6794,0
2025-10-20T13:46:34.889443,950,449,-1919,431,458,0
2025-10-20T13:46:34.889456,951,2745,-4555,1737,2760,0
2025-10-20T13:46:34.889460,952,6947,-8986,2142,7068,0
2025-10-20T13:46:34.889463,953,7255,-9358,2052,7402,0
2025-10-20T13:46:34.889465,954,1855,-3091,797,1866,0
2025-10-20T13:46:34.889468,955,274,-1527,271,278,0
2025-10-20T13:46:34.889470,956,2278,-4065,1575,2293,0
2025-10-20T13:46:34.889473,957,6650,-8683,2141,6752,0
2025-10-20T13:46:34.889475,958,7144,-9236,2055,7270,0
2025-10-20T13:46:34.889478,959,1794,-3015,791,1803,0
2025-10-20T13:46:34.889481,960,273,-1525,272,278,0
2025-10-20T13:46:34.889483,961,2257,-4045,1579,2272,0
2025-10-20T13:46:34.889485,962,6641,-8673,2147,6744,0
2025-10-20T13:46:34.889488,963,7136,-9226,2061,7263,0
2025-10-20T13:46:34.889490,964,1786,-2999,791,1795,0
2025-10-20T13:46:34.889493,965,257,-1449,253,261,0
2025-10-20T13:46:34.889495,966,2325,-4099,1584,2339,0
2025-10-20T13:46:34.889498,967,6658,-8659,2154,6756,0
2025-10-20T13:46:34.889500,968,7133,-9196,2066,7260,0
2025-10-20T13:46:34.889503,969,1787,-3010,794,1796,0
2025-10-20T13:46:34.889505,970,267,-1480,262,271,0
2025-10-20T13:46:34.889508,971,2368,-4145,1604,2383,0
2025-10-20T13:46:34.889510,972,6730,-8778,2163,6838,0
2025-10-20T13:46:34.889512,973,7203,-9325,2071,7343,0
2025-10-20T13:46:34.889515,974,1824,-3048,793,1835,0
2025-10-20T13:46:35.004565,975,6885,-9068,2172,7017,0
2025-10-20T13:46:35.004578,976,7389,-9699,2102,7568,0
2025-10-20T13:46:35.004580,977,1978,-3350,872,1995,0
2025-10-20T13:46:35.004582,978,284,-1611,283,289,0
2025-10-20T13:46:35.004584,979,2225,-4017,1582,2240,0
2025-10-20T13:46:35.004586,980,6591,-8595,2166,6693,0
2025-10-20T13:46:35.004588,981,7135,-9206,2080,7271,0
2025-10-20T13:46:35.004590,982,1773,-3035,790,1783,0
2025-10-20T13:46:35.004592,983,256,-1520,254,260,0
2025-10-20T13:46:35.004593,984,2288,-4067,1592,2303,0
2025-10-20T13:46:35.004595,985,6704,-8775,2178,6818,0
2025-10-20T13:46:35.004597,986,7161,-9294,2083,7302,0
2025-10-20T13:46:35.004598,987,1774,-2969,781,1785,0
2025-10-20T13:46:35.004600,988,283,-1570,283,288,0
2025-10-20T13:46:35.004602,989,2268,-4062,1607,2284,0
2025-10-20T13:46:35.004603,990,6673,-8739,2183,6786,0
2025-10-20T13:46:35.004605,991,7148,-9278,2087,7289,0
2025-10-20T13:46:35.004607,992,1762,-2965,779,1772,0
2025-10-20T13:46:35.004609,993,258,-1508,257,262,0
2025-10-20T13:46:35.004610,994,2239,-4022,1585,2254,0
2025-10-20T13:46:35.004612,995,6690,-8782,2188,6808,0
2025-10-20T13:46:35.004614,996,7162,-9322,2098,7306,0
2025-10-20T13:46:35.004616,997,1789,-3077,801,1800,0
2025-10-20T13:46:35.004617,998,298,-1656,298,304,0
2025-10-20T13:46:35.004619,999,2294,-4090,1632,2309,0
2025-10-20T13:46:35.094637,1000,1827,-3319,852,1839,0
2025-10-20T13:46:35.094648,1001,481,-2047,467,491,0
2025-10-20T13:46:35.094652,1002,2675,-4489,1803,2691,0
2025-10-20T13:46:35.094656,1003,6797,-8884,2204,6915,0
2025-10-20T13:46:35.094659,1004,7149,-9301,2108,7292,0
2025-10-20T13:46:35.094662,1005,1801,-3099,807,1812,0
2025-10-20T13:46:35.094665,1006,280,-1593,277,284,0
2025-10-20T13:46:35.094667,1007,2381,-4168,1647,2397,0
2025-10-20T13:46:35.094670,1008,6780,-8861,2214,6894,0
2025-10-20T13:46:35.094673,1009,7031,-9159,2107,7161,0
2025-10-20T13:46:35.094676,1010,1682,-2948,786,1691,0
2025-10-20T13:46:35.094678,1011,281,-1597,279,285,0
2025-10-20T13:46:35.094681,1012,2394,-4180,1660,2409,0
2025-10-20T13:46:35.094684,1013,6761,-8840,2220,6874,0
2025-10-20T13:46:35.094686,1014,7016,-9136,2109,7144,0
2025-10-20T13:46:35.094689,1015,1675,-2865,781,1684,0
2025-10-20T13:46:35.094692,1016,266,-1518,266,270,0
2025-10-20T13:46:35.094695,1017,2290,-4075,1618,2306,0
2025-10-20T13:46:35.094697,1018,6743,-8833,2221,6860,0
2025-10-20T13:46:35.094701,1019,7113,-9268,2119,7257,0
2025-10-20T13:46:35.094703,1020,1736,-3033,794,1747,0
2025-10-20T13:46:35.094707,1021,284,-1642,283,289,0
2025-10-20T13:46:35.094710,1022,2345,-4137,1656,2360,0
2025-10-20T13:46:35.094712,1023,6755,-8856,2228,6872,0
2025-10-20T13:46:35.094715,1024,7042,-9190,2123,7176,0
